handle,display_name,total_msgs,outbound,inbound,replied,first_msg,last_msg,scripts_used,last_inbound
davisdealandkevinwhalen,Davis Deal and Kevin Whalen,25,5,20,YES,2026-07-25,2026-08-05,,"Kevin sent an attachment. ​ In Book 9 of Homer’s Odyssey, Polyphemus wasn’t actively seeking war, glory, or conflict. As"
deltachisyracuseuniversity,Delta Chi - Syracuse University,23,12,11,YES,2026-06-16,2026-06-18,A,He’s wondering what for?
alphasigmaphigammatheta,Alpha Sigma Phi - Gamma Theta,19,10,9,YES,2026-08-05,2026-08-05,A/B,Whats going on Michael this is Owen Heney I run the account. What your number and can you give me some details about the
pikappaalpha,Pi Kappa Alpha,15,10,5,YES,2025-09-12,2026-01-13,,What is this for?
lambdachialpha,Lambda Chi Alpha,14,6,8,YES,2025-09-12,2025-09-12,,"sure, try it for about 60 guys next semester in NOLA."
deltasigmaphi,Delta Sigma Phi,13,8,5,YES,2026-03-02,2026-03-10,A,Hey here’s the presidents number Elijah Lane feel free to reach out to him he should be available all day tomorrow
pikappaalphamuchapterpresbyteriancollege,Pi Kappa Alpha - Mu Chapter: Presbyterian College,12,6,6,YES,2025-09-12,2025-10-14,,What’s up man we are looking to book a mountain weekend house that will sleep 30-35. Optimal location would be Gatlinbur
texaspike,Texas PIKE,12,4,8,YES,2025-11-05,2026-01-14,,Reach out to our socials
ufalphatauomega,UF Alpha Tau Omega,12,9,3,YES,2026-03-02,2026-06-11,A,"Hey sorry, just now seeing this. Would you still want to schedule a meeting?"
appalachianstatepike,Appalachian State Pike,11,6,5,YES,2025-09-12,2026-06-17,,Can talk to the guys!
teropsicgasperranaalarajjackdysonand22others,"Teropšič Gašper, Rana Alaraj, Jack dyson and 22 others",11,0,11,YES,2026-01-21,2026-01-21,,A contact created the group chat.
alphaepsilonpi,Alpha Epsilon Pi,9,4,5,YES,2026-06-15,2026-06-15,A,Hey Michael and why exactly are you asking to schedule a meeting? Big lack of details here
pikappaalpha,Pi Kappa Alpha,9,4,5,YES,2026-07-06,2026-07-06,A/B,For what
pikappaalphamulambda,Pi Kappa Alpha • Mu Lambda,9,4,5,YES,2026-07-06,2026-07-27,A,🍺
alphasigmaphiecu,Alpha Sigma Phi | ECU,8,5,3,YES,2026-08-05,2026-08-05,A,No thanks 😂✌🏻
betathetapiappalachianstateuniversity,Beta Theta Pi - Appalachian State University,8,4,4,YES,2026-08-05,2026-08-05,A,Hey how you doing Michael
southerncaliforniapike,Southern California Pike,8,6,2,YES,2025-09-12,2026-06-17,,Hey how’s it going! Could you give me some more details on the company and what you guys are looking for?
pkaomegachapter,πΚα - Omega Chapter,8,5,3,YES,2026-06-17,2026-07-06,A,What's up Michael yea I can definitely get you in contact with the president. Can I ask what it is about first?
pikappaalpha,Pi Kappa Alpha,7,4,3,YES,2025-09-12,2025-11-05,,Hey would be down to figure something out
fresnostatesigmachi,Fresno State Sigma Chi ✞,7,5,2,YES,2026-06-17,2026-06-18,,Lmao we aren’t pike bro
kappasigma,Kappa Sigma,7,3,4,YES,2026-03-02,2026-06-11,A,What’s up?
phigammadeltafiji,Phi Gamma Delta | FIJI,7,4,3,YES,2026-02-06,2026-02-11,A,"Hey Micheal, I’m free tmrw at 7pm. You may call at 7862095594, Daniel. May I have some insights regarding to the this me"
pikappaalpha,Pi Kappa Alpha,7,6,1,YES,2025-09-12,2026-06-17,,"Hey Michael, We’re actually interested in planning something for the spring and would love to hear more about what you o"
pikappaalpha,Pi Kappa Alpha,7,3,4,YES,2026-06-17,2026-06-17,A,What’s up brotha - May I ask what the meeting is concerning?
thetachithch,Theta Chi | ΘΧ,7,3,4,YES,2026-02-27,2026-02-27,A,Whatsup man
zetabetatau,Zeta Beta Tau,7,3,4,YES,2026-08-05,2026-08-05,A,What would the call be about so I can relay it to our president
phideltathetafiu,𝐏𝐡𝐢 𝐃𝐞𝐥𝐭𝐚 𝐓𝐡𝐞𝐭𝐚 | FIU ⚔️🛡️,7,4,3,YES,2026-02-27,2026-06-11,A,"Yeah we’re down, what would the meeting be about?"
boisestatepikappaalphaalumni,Boise State Pi Kappa Alpha Alumni,6,4,2,YES,2025-11-05,2026-06-17,,"Hey brotha, thanks for reaching out ! This is Luke Momberg i run the alumni instagram, i’m currently our IVP. We are hea"
chiphichph,Chi Phi ΧΦ,6,3,3,YES,2026-06-15,2026-06-18,A,about what
kappasigmaks,Kappa Sigma ΚΣ,6,4,2,YES,2026-06-15,2026-07-01,A,"Hey Micheal, what would the meeting be for?"
pikappaalpha,Pi Kappa Alpha,6,5,1,YES,2025-09-12,2026-06-17,,Bet man let’s talk soon
pikappaalphaattheuniversityofsouthcarolina,Pi Kappa Alpha at the University of South Carolina,6,4,2,YES,2026-06-17,2026-08-05,A/B,"What’s up man, meeting about what?"
pikappaphiucf,Pi Kappa Phi UCF,6,5,1,YES,2026-03-02,2026-06-15,A,What’s it for
boisestatepikappaalpha,Boise State Pi Kappa Alpha,5,4,1,YES,2025-09-12,2026-01-13,,"Hey Michael, right now we have a company for our fall formal but could be potentially interested in Spring and comparing"
bucknellfiji,Bucknell Fiji,5,3,2,YES,2026-07-06,2026-07-22,A/B,What is this about
deltataudelta,Delta Tau Delta,5,3,2,YES,2026-03-02,2026-03-02,A,What is this regarding?
phideltathetarutgersuniversity,Phi Delta Theta - Rutgers University,5,3,2,YES,2026-06-15,2026-06-15,A,What would the call be regarding?
phikappapsiuniversityoftennessee,Phi Kappa Psi | University of Tennessee,5,4,1,YES,2026-06-11,2026-08-05,A,"Hi Michael, do you mind me asking what you need to meet with him for?"
pikappaalpha,Pi Kappa Alpha,5,3,2,YES,2026-06-15,2026-06-15,A,"Whats up bro, what’s it ab?"
pikappaalphafraternity,Pi Kappa Alpha Fraternity,5,4,1,YES,2026-06-17,2026-08-05,A/B,"Sure man, I’ll let him know what would the meeting subject be?"
pikappaphithetadeltafiu,Pi Kappa Phi - Theta Delta (FIU),5,2,3,YES,2026-06-18,2026-07-06,A,"I will let the president know, I’ll get back to you shortly."
tkesouthcarolina,TKE - South Carolina,5,2,3,YES,2026-08-05,2026-08-05,A,"Hey what’s up Michael, is there any chance I can hear more about what you’d be talking about?"
vanderbiltpikappaalphapike,Vanderbilt Pi Kappa Alpha | Pike,5,2,3,YES,2026-06-17,2026-06-18,A,For what purpose
pkacsun,ΠΚΑ | CSUN,5,2,3,YES,2026-06-17,2026-06-19,A,Liked a message
alphagammarhomissouristateuniversity,Alpha Gamma Rho - Missouri State University,4,2,2,YES,2026-07-07,2026-07-08,A/B,What would you like to discuss Michael
alphasigmaphiepsilonrho,Alpha Sigma Phi | Epsilon Rho,4,3,1,YES,2026-02-11,2026-08-05,A,What would the meeting be about?
deltasigmaphiucf,DELTA SIGMA PHI UCF,4,2,2,YES,2026-03-02,2026-03-03,A,"Hey, if you could tell me what about. I can give him your contact info."
deltasigdsph,Delta Sig | ΔΣΦ,4,2,2,YES,2026-06-11,2026-07-09,A/B,Yeah what for?
fiusigepsphe,FIU SigEp | ΣΦΕ,4,3,1,YES,2026-02-27,2026-06-11,A,"Hey, what will it be about"
lambdachialpha,Lambda Chi Alpha,4,2,2,YES,2026-08-05,2026-08-05,A/B,"This would be the president, what would the call be about?"
missouristatesigmanu,Missouri State Sigma Nu,4,2,2,YES,2026-07-07,2026-07-07,A/B,What would you need to speak with him about?
sigmaalphamu,Sigma Alpha Mu,4,2,2,YES,2026-02-06,2026-02-06,A,"Yeah, my name is Derrick I’m the Public Relations chair and I run the socials. Before I give his number may I ask the re"
tauepsilonphiuf,Tau Epsilon Phi - UF,4,1,3,YES,2026-03-02,2026-03-04,A,(561) 430-1479
thetachi,Theta Chi,4,3,1,YES,2026-02-10,2026-08-05,A,What the reason for the meeting?
thetachiucf,Theta Chi UCF,4,2,2,YES,2026-03-02,2026-03-03,A,Yea i’ll send you his contact info. ❤Michael Vita
usfdeltataudelta,USF Delta Tau Delta,3,1,2,YES,2026-03-02,2026-03-22,A,Hey man sorry I just saw this
clemsonuniversitybthp,Clemson University ΒΘΠ,3,1,2,YES,2026-02-10,2026-02-11,A,Sure thing
alphatauomega,Alpha Tau Omega,3,1,2,YES,2026-06-15,2026-06-17,A,"What’s up Michael, this is Rocco the president. Here’s my insta"
alphatauomegapennstate,Alpha Tau Omega | Penn State,3,2,1,YES,2026-06-11,2026-06-15,A,What is this regarding
betathetapideltachapter,Beta Theta Pi | Delta Chapter,3,2,1,YES,2026-06-18,2026-07-06,A/B,whats it about?
floridafiji,Florida FIJI,3,2,1,YES,2026-03-02,2026-03-02,A,Absolutely! Our presidents phone number is (704)-891-5505
instagramuser,Instagram User,3,0,3,YES,2026-04-05,2026-04-05,,Liked a message
instagramuser,Instagram User,3,1,2,YES,2026-06-18,2026-06-18,,Audio call started
kappasigma,Kappa Sigma,3,2,1,YES,2026-07-06,2026-07-22,A,What would the call entail so I can contact our president
missouristatekappasigma,Missouri State Kappa Sigma,3,2,1,YES,2026-07-07,2026-07-07,A,His number is 417-766-3424. But shoot him a text right now. I’m with him
phideltatheta,Phi Delta Theta,3,1,2,YES,2026-06-15,2026-06-17,A,3154009536
phideltathetagcsu,Phi Delta Theta - GCSU,3,2,1,YES,2026-08-05,2026-08-05,A,What’s the topic
pikappaalphaepsilonomega,Pi Kappa Alpha - Epsilon Omega,3,1,2,YES,2026-06-17,2026-07-01,A,"Hey Micheal, and sounds good I’ll send you his information and let him know to be expecting a call."
pikappaalphageorgiatech,Pi Kappa Alpha • Georgia Tech,3,1,2,YES,2026-06-17,2026-07-08,A,"Yea of course, hit him up"
pikappaphi,Pi Kappa Phi,3,2,1,YES,2026-06-18,2026-06-18,A,"For sure, whats the meeting about, I can let him know."
pikappaphiiotamu,Pi Kappa Phi - Iota Mu,3,2,1,YES,2026-06-18,2026-07-06,A/B,"Hey, what’s up! Can I ask what this is concerning?"
pikappaphihighpoint,Pi Kappa Phi | High Point,3,2,1,YES,2026-06-18,2026-07-06,A/B,Do you mind giving me a little bit more information about what you are trying to sell or push for us to use
rusigmaalphamu,RU Sigma Alpha Mu,3,2,1,YES,2026-06-15,2026-06-15,A,What do you want to know about our fraternity?
riponcollegesigmachisx,Ripon College Sigma Chi (ΣX),3,1,2,YES,2026-06-18,2026-07-08,A,"Hi! Thanks for reaching out, sorry for just seeing your message now. Our president’s phone number is 9206393646. If ther"
sigmachi,Sigma Chi,3,2,1,YES,2026-06-18,2026-07-06,A/B,Hey! Could I ask what the call would pertain to
sigmachiuniversityofpittsburgh,Sigma Chi | University of Pittsburgh,3,2,1,YES,2026-01-13,2026-01-13,,Here’s one of our exec members number 2672297802
sigmachischnorthtexas,Sigma Chi ΣΧ | North Texas,3,2,1,YES,2026-07-07,2026-07-08,A,"Hey man I’m Grayson i’m the consul, are you free tomorrow around 5?"
sigmaphiepsilonmissourieta,Sigma Phi Epsilon Missouri Eta,3,2,1,YES,2026-07-07,2026-07-07,A/B,Yea for sure man can I ask what for
sigmataugammaeph,Sigma Tau Gamma - ΕΦ,3,2,1,YES,2026-06-15,2026-07-06,A/B,What’s up man what questions or interests do you have?
syracusepkph,Syracuse ΠΚΦ,3,1,2,YES,2026-06-16,2026-06-16,A,"Hey Michael, sure his name is Hayden and I’ll send his phone number seperate"
thetachitufts,THETA CHI TUFTS,3,2,1,YES,2026-06-18,2026-07-06,B,Can u summarize what it’s about
tennesseedeltataudeltadtd,Tennessee Delta Tau Delta | ΔΤΔ,3,1,2,YES,2026-06-11,2026-06-21,A,"Hi Michael, thanks for reaching out. Here’s our presidents instagram for you to reach out to."
thetachiatindianauniversity,Theta Chi at Indiana University,3,2,1,YES,2026-02-11,2026-03-02,A,What’s the meeting for
wsupikappaalphapike,WSU Pi Kappa Alpha ~ PIKE,3,2,1,YES,2026-06-17,2026-07-06,A/B,"Hello, can I ask what this regards?"
greta,greta🧚‍♀️,3,1,2,YES,2026-07-14,2026-07-15,,Happy bday!!🕺 https://www.instagram.com/stories/michaelvita_/3941132152652407173 ❤Michael Vita
pkageorgemasonuniversity,ΠΚΑ George Mason University,3,1,2,YES,2026-06-17,2026-06-17,A,What’s up Michael thanks for reaching out. This is Bibek the Recruitment Chair. I’ll attach our president’s number below
pkaupsilonchapter,ΠΚΑ Upsilon Chapter,3,2,1,YES,2026-06-18,2026-07-06,A/B,"Hello, what does this regard?"
pilamwestchester,Pilam West Chester,2,1,1,YES,2026-07-06,2026-07-10,A,"Hey Michael, sorry for the late reply I can send you the presidents personal instagram and you can schedule that with hi"
alphaepsilonpiuf,Alpha Epsilon Pi - UF,2,1,1,YES,2026-03-02,2026-04-01,A,About what?
alphasigmaphiatuwg,Alpha Sigma Phi at UWG,2,1,1,YES,2026-08-05,2026-08-06,A,Heard! I’ll let them know!
alphatauomega,Alpha Tau Omega,2,1,1,YES,2026-07-06,2026-08-01,A,"Yo I just saw this, my apologies"
alphazetafraternitymorrillchapter,Alpha Zeta Fraternity - Morrill Chapter,2,1,1,YES,2026-06-11,2026-07-09,A,What’s FAU
arnulfosebastian,Arnulfo-sebastian,2,1,1,YES,2025-12-15,2025-12-15,,😂Michael Vita
betaetaques,Beta Eta Ques,2,1,1,YES,2026-06-15,2026-06-16,A,"You can call 2067670282, that is our president Jaqson"
betathetapinebraska,Beta Theta Pi - Nebraska,2,1,1,YES,2026-02-10,2026-02-11,A,"Yea thanks for reaching out, his name is Aiden Makovicka his number is +1 (651) 387-8369"
betathetapifgcu,Beta Theta Pi – FGCU,2,1,1,YES,2026-03-02,2026-03-02,A,"Thanks for reaching out, I’d be interested to hear what you got for us. This is the president’s phone number +1 (941) 71"
chipsialphaupsilon,Chi Psi Alpha Upsilon,2,1,1,YES,2026-07-06,2026-07-28,A,Hey man! What do you want to talk about? I’m free later this afternoon after 5 if you want to give me a call!
deltachiwestchesterdch,Delta Chi | West Chester | ΔΧ,2,1,1,YES,2026-07-06,2026-07-08,A,"What’s up man, what’s the meeting regarding?"
deltakappaepsilonrutgers,Delta Kappa Epsilon - Rutgers,2,1,1,YES,2026-06-15,2026-06-17,A,"Hey Mike, you can contact our secretary Rag @raghav.divekar"
deltataudelta,Delta Tau Delta,2,1,1,YES,2026-03-02,2026-03-02,A,What’s up bro! I got you..our president is Ben Seanna and he can be reached at this number +1 (540) 818-8719 ❤Michael Vi
kappaalphaorderzo,Kappa Alpha Order - ΖΩ,2,1,1,YES,2026-08-05,2026-08-05,A,(908) 451-6811
kappadeltarhokdr,Kappa Delta Rho (ΚΔΡ),2,1,1,YES,2026-07-06,2026-07-11,A,What would the meeting be about? Just curious.
kappasigmaattheuniversityofsouthflorida,Kappa Sigma at the University of South Florida,2,1,1,YES,2026-06-15,2026-06-21,A,Give our vp a text +1 (516) 457-6939 - Adam
lambdachialpha,Lambda Chi Alpha,2,1,1,YES,2026-06-11,2026-06-13,A,You can shoot him a text. His name is Jack: +1 (609) 500-8038
lambdachialphakutztown,Lambda Chi Alpha Kutztown,2,1,1,YES,2026-07-06,2026-07-06,A,"I can send you his instagram, his phone number is 610-306-8321"
lambdachialphaiotaomega,Lambda Chi Alpha | Iota-Omega,2,1,1,YES,2026-07-06,2026-07-06,A,How’s it going man. This is his number right here: +1 (985) 273-4136
lexie,Lexie,2,1,1,YES,2026-07-14,2026-07-15,,Happy Birthday Michael!!!! Hope you have a great da!!! https://www.instagram.com/stories/michaelvita_/394113215265240717
pikappaalpha,Pi Kappa Alpha,2,1,1,YES,2026-06-17,2026-06-17,A,"Hey Michael, thanks for reaching out. You can contact our President, Ryder, at (224) 855-0350."
pikappaalpha,Pi Kappa Alpha,2,1,1,YES,2026-07-05,2026-07-07,A,"Hey man for sure. Our president is Trey Prather, here’s his phone number: +1 (270) 505-6299"
pikappaalpha,Pi Kappa Alpha,2,1,1,YES,2026-02-10,2026-02-11,A,Thank you for reaching out! Attached is our presidents instagram if you want to reach out with more details! https://www
pikappaalphaiotapsialumnichapter,Pi Kappa Alpha - Iota Psi Alumni Chapter,2,1,1,YES,2026-06-17,2026-06-17,A,This is our chapters alumni association. @appstatepikes is the undergraduate chapter
pikappaalphakappaepsilon,Pi Kappa Alpha - Kappa Epsilon,2,1,1,YES,2026-06-17,2026-06-18,A,"How’s it going this is the president, Jackson Cutlan, my number is (314) 915-1199, shoot me a text when you can!"
pikappaalphazetaalphaa,Pi Kappa Alpha - Zeta Alpha A,2,1,1,YES,2026-06-17,2026-06-18,A,Lance Decker: 616-302-7332
pikappaalpharosehulman,Pi Kappa Alpha Rose-Hulman,2,1,1,YES,2026-06-17,2026-06-17,A,"Hey Michael, you can text him at 708 267 9588 and figure out a time that works"
pikappaalphauniversityofnebraskakearney,Pi Kappa Alpha • University of Nebraska - Kearney,2,1,1,YES,2026-06-17,2026-06-19,A,"Shoot him a text at 308-385-8975, his name is Mason Hill"
pikappaphi,Pi Kappa Phi,2,1,1,YES,2026-06-15,2026-06-29,A,"Sorry for the late response Michael, this is the President and I’d be happy to speak. Contact me at 6097426093."
pikappaphisusquehannauniversity,Pi Kappa Phi - Susquehanna University,2,1,1,YES,2026-06-18,2026-06-20,A,Hey man hope you are doing well. Our presidents Instagram is @emumau_ you can contact him through there. Thanks!
pikappaphilongwooduniversity,Pi Kappa Phi-Longwood University,2,1,1,YES,2026-06-18,2026-06-18,A,https://www.instagram.com/hayes_walton125?igsh=MXA3N2d4MGlnNDA1OQ%3D%3D hayes_walton125 Hayes Walton https://www.instagr
pikeszab,Pikes ZAB,2,1,1,YES,2026-06-17,2026-06-20,A,Contact him here: perd5094@kettering.edu
sigmachiuwyo,SIGMA CHI UWYO,2,1,1,YES,2026-06-18,2026-06-18,A,We aren’t interested
sigmaalphamufraternitygt,Sigma Alpha Mu Fraternity- ΓΤ,2,1,1,YES,2026-06-15,2026-06-30,A,Hey you can reach him at 7578073526
sigmachigeorgiasouthern,Sigma Chi - Georgia Southern,2,1,1,YES,2026-08-05,2026-08-05,A,Hey how’s it going! You can call our President at 706-567-2610
sigmachiketteringuniversityb,Sigma Chi | Kettering University B,2,1,1,YES,2026-06-18,2026-06-24,A,"Waddup, here’s his email, his name is Luke Moceri lmoceri05@gmail.com"
sigmachischkappa,Sigma Chi ΣΧ | Kappa,2,1,1,YES,2026-07-06,2026-07-06,A,Hey Michael here is our president’s phone number: Jack Mcclaud +1 (973) 886-3972
sigmaphiepsilonmu,Sigma Phi Epsilon - MU,2,1,1,YES,2026-07-06,2026-07-27,A,"Hey sorry just seeing this, the Pres is Josiah Peters his numbers 4845221710"
southeastmissouristatepikes,Southeast Missouri State Pikes,2,1,1,YES,2026-06-17,2026-06-17,A,Hey Michael! Our President is Zane West and he can be reached at (573) 210-2565
taukappaepsilon,Tau Kappa Epsilon,2,1,1,YES,2026-06-15,2026-06-15,A,Yeah our president’s Gibson Cheney 601-896-6323
thetaxigammaphichapter,Theta Xi - Gamma Phi Chapter,2,1,1,YES,2026-08-05,2026-08-05,A,"Hey! Thanks for reaching out I'll send over his phone number so you can get in contact with him, his phone number is 770"
ulsigmanu,UL Sigma Nu,2,1,1,YES,2026-07-06,2026-07-06,A,"3374672251 This is our presidents number, shoot him a text!"
whitmanbetathetapibthp,Whitman Beta Theta Pi ΒΘΠ,2,1,1,YES,2026-02-10,2026-02-11,A,"Yea sure, you can reach out to him @aibakcheema"
_juliannunez_,_juliannunez_,2,1,1,YES,2026-05-16,2026-05-16,,"_juliannunez_ sent an attachment. Tell the bartender, “Fuck it, give me everything you have” #GAME2ATHOME 🇩🇴🇩🇴 _juliannu"
pka,ΠKA,2,1,1,YES,2026-06-17,2026-06-17,A,"Yeah sure, (857) 272-1642 is his number and his name is Michael Alpers."
pkaatamericanuniversity,ΠΚΑ at American University,2,1,1,YES,2026-06-17,2026-06-17,A,Here is his number: (612) 968-5956
sigmaphiepsilonusf,𝗦𝗜𝗚𝗠𝗔 𝗣𝗛𝗜 𝗘𝗣𝗦𝗜𝗟𝗢𝗡 | 𝗨𝗦𝗙,2,1,1,YES,2026-06-15,2026-06-16,A,"what’s up man, here is presidents number (305) 495-9949. If you need anything else let me know"
pikappaalphafraternity,Pi Kappa Alpha Fraternity,4,4,0,no,2026-06-16,2026-06-17,A,
sigmachizetazeta,Sigma Chi - Zeta Zeta,3,3,0,no,2026-07-06,2026-07-06,A,
taukappaepsilon,Tau Kappa Epsilon,3,3,0,no,2026-02-06,2026-02-27,A,
pkanuchapter,ΠΚΑ | Nu Chapter,3,3,0,no,2026-07-06,2026-07-06,A,
betathetapi,Beta Theta Pi,2,2,0,no,2026-07-06,2026-07-06,A,
betathetapiepsilon,Beta Theta Pi - Epsilon,2,2,0,no,2026-07-06,2026-07-06,A,
fiusigepalumni,FIU SigEp Alumni,2,2,0,no,2026-02-27,2026-03-02,A,
ferrisstatepikappaalpha,Ferris State Pi Kappa Alpha,2,2,0,no,2026-06-17,2026-06-17,A,
furmansigmachiiotanu,Furman Sigma Chi - Iota Nu,2,2,0,no,2026-07-06,2026-07-06,A,
pikappaalpha,PI KAPPA ALPHA,2,2,0,no,2026-02-10,2026-03-02,A,
phideltathetaatusc,Phi Delta Theta at USC,2,2,0,no,2026-08-05,2026-08-05,A,
phikappathetaphiwho,Phi Kappa Theta [Phi Who],2,2,0,no,2026-06-11,2026-06-11,A,
pikappaalpha,Pi Kappa Alpha,2,2,0,no,2025-09-12,2026-03-02,,
pikappaalpha,Pi Kappa Alpha,2,2,0,no,2025-09-12,2026-06-17,A,
pikappaalphakentstate,Pi Kappa Alpha • Kent State,2,2,0,no,2026-07-05,2026-07-05,A,
pikappaphi,Pi Kappa Phi,2,2,0,no,2026-07-06,2026-07-06,A,
pikappaphi,Pi Kappa Phi,2,2,0,no,2026-08-05,2026-08-05,A,
pikappaphipennstate,Pi Kappa Phi | Penn State,2,2,0,no,2026-06-11,2026-06-11,A,
pikappaphikappalambda,"Pi Kappa Phi, Kappa Lambda",2,2,0,no,2026-01-14,2026-06-18,A,
sigepbucknell,SigEp Bucknell,2,2,0,no,2026-07-06,2026-07-06,A,
sigmachiunivofsouthflorida,Sigma Chi | Univ of South Florida,2,2,0,no,2026-01-13,2026-03-02,A,
sigmachischfloridainternational,Sigma Chi ΣΧ | Florida International,2,2,0,no,2026-02-27,2026-03-02,A,
sigmachi,Sigma Chi 🫰🏼,2,2,0,no,2026-02-10,2026-08-05,A,
southalabamapka,South Alabama | ΠΚΑ,2,2,0,no,2025-09-12,2026-06-17,A,
tauepsilonphi,TAU EPSILON PHI,2,2,0,no,2026-06-15,2026-06-17,A,
tennesseepikespka,Tennessee Pikes (ΠΚΑ),2,2,0,no,2026-08-05,2026-08-05,A,
unczetapsi,UNC Zeta Psi,2,2,0,no,2026-08-05,2026-08-05,A,
zetabetatauzbt,Zeta Beta Tau (ZBT),2,2,0,no,2026-03-02,2026-06-15,A,
pkatheuniversityofflorida,ΠΚΑ - The University of Florida,2,2,0,no,2026-06-15,2026-07-22,A,
pkaes,ΠΚΑ ΗΣ,2,2,0,no,2026-08-05,2026-08-05,A,
saegeorgiasouthern,ΣΑΕ Georgia Southern,2,2,0,no,2026-08-05,2026-08-05,A,
betathetapi,𝐁𝐞𝐭𝐚 𝐓𝐡𝐞𝐭𝐚 𝐏𝐢,2,2,0,no,2026-02-27,2026-03-02,A,
deltasigmaphi,𝐃𝐞𝐥𝐭𝐚 𝐒𝐢𝐠𝐦𝐚 𝐏𝐡𝐢,2,2,0,no,2026-02-27,2026-03-02,A,
sigmachi,𝙎𝙄𝙂𝙈𝘼 𝘾𝙃𝙄,2,2,0,no,2026-01-13,2026-06-18,A,
alphaepsilonpi,ALPHA EPSILON PI,1,1,0,no,2026-03-02,2026-03-02,A,
alphaepsilonpifraternityfloridainternationaluniversity,ALPHA EPSILON PI FRATERNITY - Florida International University,1,1,0,no,2026-06-18,2026-06-18,A,
asukappasigma,ASU Kappa Sigma,1,1,0,no,2026-08-05,2026-08-05,A,
asusigmachi,ASU Sigma Chi,1,1,0,no,2026-06-18,2026-06-18,A,
atobetadelta,ATΩ Beta Delta,1,1,0,no,2026-06-15,2026-06-15,A,
adriancollegepka,Adrian College ΠΚΑ,1,1,0,no,2026-06-17,2026-06-17,A,
alabamafarmhousefraternity,Alabama FarmHouse Fraternity,1,1,0,no,2026-06-15,2026-06-15,A,
alphachirho,Alpha Chi Rho,1,1,0,no,2026-07-06,2026-07-06,A,
alphachirhocrowkutztownuniversity,Alpha Chi Rho [Crow] - Kutztown University,1,1,0,no,2026-07-06,2026-07-06,A,
alphachirhogettysburg,Alpha Chi Rho | Gettysburg,1,1,0,no,2026-07-06,2026-07-06,A,
alphachirhopsu,Alpha Chi Rho | PSU,1,1,0,no,2026-06-11,2026-06-11,A,
alphadeltaphi,Alpha Delta Phi,1,1,0,no,2026-06-15,2026-06-15,A,
alphadeltaphirochester,Alpha Delta Phi - Rochester,1,1,0,no,2026-07-06,2026-07-06,A,
alphadeltaphiadph,Alpha Delta Phi ΑΔΦ,1,1,0,no,2026-06-11,2026-06-11,A,
alphaepsilonpipn,Alpha Epsilon Pi - PN,1,1,0,no,2026-07-06,2026-07-06,A,
alphaepsilonpitennessee,Alpha Epsilon Pi Tennessee,1,1,0,no,2026-08-05,2026-08-05,A,
alphagammarho,Alpha Gamma Rho,1,1,0,no,2026-08-05,2026-08-05,A,
alphagammarho,Alpha Gamma Rho,1,1,0,no,2026-03-02,2026-03-02,A,
alphagammasigmaags,Alpha Gamma Sigma - ΑΓΣ,1,1,0,no,2026-08-05,2026-08-05,A,
alphakappalambda,Alpha Kappa Lambda,1,1,0,no,2026-06-15,2026-06-15,A,
alphakappalambda,Alpha Kappa Lambda,1,1,0,no,2026-06-11,2026-06-11,A,
alphaphidelta,Alpha Phi Delta,1,1,0,no,2026-06-11,2026-06-11,A,
alphaphidelta,Alpha Phi Delta,1,1,0,no,2026-06-15,2026-06-15,A,
alpharhoalumni,Alpha Rho Alumni,1,1,0,no,2026-06-18,2026-06-18,A,
alpharhochivitruvius,Alpha Rho Chi | Vitruvius,1,1,0,no,2026-06-11,2026-06-11,A,
alphasigmaphi,Alpha Sigma Phi,1,1,0,no,2026-08-05,2026-08-05,A,
alphasigmaphimissouristate,Alpha Sigma Phi - Missouri State,1,1,0,no,2026-07-07,2026-07-07,A,
alphasigmaphipennstate,Alpha Sigma Phi - Penn State,1,1,0,no,2026-06-11,2026-06-11,A,
alphasigmaphiusc,Alpha Sigma Phi USC,1,1,0,no,2026-08-05,2026-08-05,A,
alphasigmaphiattheuniversityofalabama,Alpha Sigma Phi at The University of Alabama,1,1,0,no,2026-06-15,2026-06-15,A,
alphasigmaphiasph,Alpha Sigma Phi | ΑΣΦ,1,1,0,no,2026-02-27,2026-02-27,A,
alphatauomega,Alpha Tau Omega,1,1,0,no,2026-03-02,2026-03-02,A,
alphatauomega,Alpha Tau Omega,1,1,0,no,2026-07-06,2026-07-06,A,
alphatauomega,Alpha Tau Omega,1,1,0,no,2026-07-06,2026-07-06,A,
alphatauomega,Alpha Tau Omega,1,1,0,no,2026-08-05,2026-08-05,A,
alphatauomegaucf,Alpha Tau Omega UCF,1,1,0,no,2026-06-15,2026-06-15,A,
alphatauomegaecu,Alpha Tau Omega | ECU,1,1,0,no,2026-08-05,2026-08-05,A,
alphatauomegakennesawstate,Alpha Tau Omega | Kennesaw State,1,1,0,no,2026-08-05,2026-08-05,A,
alphatauomegasyracuseuniversity,Alpha Tau Omega | Syracuse University,1,1,0,no,2026-06-16,2026-06-16,A,
alphatauomegaappalachianstate,Alpha Tau Omega- Appalachian State,1,1,0,no,2026-08-05,2026-08-05,A,
appalachianstatedeltataudeltadtd,Appalachian State Delta Tau Delta - ΔTΔ,1,1,0,no,2026-08-05,2026-08-05,A,
appalachianstatesigmanusn,Appalachian State Sigma Nu - ΣΝ,1,1,0,no,2026-08-05,2026-08-05,A,
appalachianstatethetachi,Appalachian State Theta Chi,1,1,0,no,2026-08-05,2026-08-05,A,
appalachianstatesae,Appalachian State ΣAE,1,1,0,no,2026-08-05,2026-08-05,A,
auburnbetathetapi,Auburn Beta Theta Pi,1,1,0,no,2026-06-18,2026-06-18,A,
betachithetarutgersnb,Beta Chi Theta @ Rutgers NB,1,1,0,no,2026-06-15,2026-06-15,A,
betasigmabeta,Beta Sigma Beta,1,1,0,no,2026-06-11,2026-06-11,A,
betathetapi,Beta Theta Pi,1,1,0,no,2026-06-18,2026-06-18,A,
betathetapi,Beta Theta Pi,1,1,0,no,2026-08-05,2026-08-05,A,
betathetapi,Beta Theta Pi,1,1,0,no,2026-06-18,2026-06-18,A,
betathetapi,Beta Theta Pi,1,1,0,no,2026-06-18,2026-06-18,A,
betathetapi,Beta Theta Pi,1,1,0,no,2026-06-15,2026-06-15,A,
betathetapi,Beta Theta Pi,1,1,0,no,2026-06-18,2026-06-18,A,
betathetapi,Beta Theta Pi,1,1,0,no,2026-06-18,2026-06-18,A,
betathetapibthpwisconsinalphapi,Beta Theta Pi (ΒΘΠ) - Wisconsin Alpha Pi,1,1,0,no,2026-06-18,2026-06-18,A,
betathetapibutler,Beta Theta Pi - Butler,1,1,0,no,2026-07-06,2026-07-06,A,
betathetapieastcarolinauniversity,Beta Theta Pi - East Carolina University,1,1,0,no,2026-08-05,2026-08-05,A,
betathetapiidaho,Beta Theta Pi - Idaho,1,1,0,no,2026-06-18,2026-06-18,A,
betathetapiillinois,Beta Theta Pi - Illinois,1,1,0,no,2026-06-18,2026-06-18,A,
betathetapijohnshopkins,Beta Theta Pi - Johns Hopkins,1,1,0,no,2026-06-18,2026-06-18,A,
betathetapikentucky,Beta Theta Pi - Kentucky,1,1,0,no,2026-06-18,2026-06-18,A,
betathetapitauchapter,Beta Theta Pi - Tau Chapter,1,1,0,no,2026-06-18,2026-06-18,A,
betathetapiuconn,Beta Theta Pi - UConn,1,1,0,no,2026-06-18,2026-06-18,A,
betathetapizetasigma,Beta Theta Pi - Zeta Sigma,1,1,0,no,2026-07-06,2026-07-06,A,
betathetapithaud,Beta Theta Pi - ΘΑ - UD,1,1,0,no,2026-06-18,2026-06-18,A,
betathetapiatvt,Beta Theta Pi at VT,1,1,0,no,2026-06-18,2026-06-18,A,
betathetapihighpointuniversity,Beta Theta Pi | High Point University,1,1,0,no,2026-07-06,2026-07-06,A,
betathetapiucf,Beta Theta Pi | UCF,1,1,0,no,2026-06-15,2026-06-15,A,
betaupsilonchiuncchapelhill,Beta Upsilon Chi - UNC Chapel Hill,1,1,0,no,2026-08-05,2026-08-05,A,
bradleypikes,Bradley Pikes,1,1,0,no,2026-06-17,2026-06-17,A,
bucknelllambdachialpha,Bucknell Lambda Chi Alpha,1,1,0,no,2026-07-06,2026-07-06,A,
bucknellsigmaalphaepsilon,Bucknell Sigma Alpha Epsilon,1,1,0,no,2026-07-06,2026-07-06,A,
chapmanpike,CHAPMAN PIKE,1,1,0,no,2026-06-17,2026-06-17,A,
chiphi,CHI PHI,1,1,0,no,2026-07-06,2026-07-06,A,
cnupikappaphi,CNU Pi Kappa Phi,1,1,0,no,2026-06-18,2026-06-18,A,
cpppkaeventpage,CPP | ΠΚΑ Event Page,1,1,0,no,2026-06-17,2026-06-17,A,
centrecollegesae,Centre College ΣΑΕ,1,1,0,no,2026-07-06,2026-07-06,A,
chiphi,Chi Phi,1,1,0,no,2026-08-05,2026-08-05,A,
chiphi,Chi Phi,1,1,0,no,2026-06-15,2026-06-15,A,
chiphirutgers,Chi Phi Rutgers,1,1,0,no,2026-06-15,2026-06-15,A,
chiphiunf,Chi Phi UNF,1,1,0,no,2026-03-02,2026-03-02,A,
chiphiatfsu,Chi Phi at FSU,1,1,0,no,2026-06-17,2026-06-17,A,
chiphipennstate,Chi Phi | Penn State,1,1,0,no,2026-06-11,2026-06-11,A,
chiphikappadelta,"Chi Phi, Kappa Delta",1,1,0,no,2026-07-06,2026-07-06,A,
chipsirutgers,Chi Psi - Rutgers,1,1,0,no,2026-06-15,2026-06-15,A,
chipsiatusc,Chi Psi At USC,1,1,0,no,2026-08-05,2026-08-05,A,
clemsonpikepka,Clemson PIKE | ΠΚΑ,1,1,0,no,2026-06-17,2026-06-17,A,
deltasigmaphi,DELTA SIGMA PHI,1,1,0,no,2026-03-02,2026-03-02,A,
deltaupsilonuf,DELTA UPSILON 🐊 UF,1,1,0,no,2026-03-02,2026-03-02,A,
deltachicoastalcarolina,Delta Chi - Coastal Carolina,1,1,0,no,2026-08-05,2026-08-05,A,
deltachiuniversityofflorida,Delta Chi - University of Florida,1,1,0,no,2026-06-15,2026-06-15,A,
deltachigeorgiasouthern,Delta Chi @ Georgia Southern,1,1,0,no,2026-08-05,2026-08-05,A,
deltachifraternity,Delta Chi Fraternity,1,1,0,no,2026-07-07,2026-07-07,A,
deltachihighpointuniversity,Delta Chi | High Point University,1,1,0,no,2026-07-06,2026-07-06,A,
deltachisouthcarolina,Delta Chi | South Carolina,1,1,0,no,2026-08-05,2026-08-05,A,
deltakappaepsilon,Delta Kappa Epsilon,1,1,0,no,2026-06-15,2026-06-15,A,
deltakappaepsilon,Delta Kappa Epsilon,1,1,0,no,2026-08-05,2026-08-05,A,
deltakappaepsilondkebph,Delta Kappa Epsilon - ΔΚΕ ΒΦ,1,1,0,no,2026-07-06,2026-07-06,A,
deltaphirutgers,Delta Phi Rutgers,1,1,0,no,2026-06-15,2026-06-15,A,
deltasigmaphi,Delta Sigma Phi,1,1,0,no,2026-06-11,2026-06-11,A,
deltasigmaphi,Delta Sigma Phi,1,1,0,no,2026-07-07,2026-07-07,A,
deltasigmaphi,Delta Sigma Phi,1,1,0,no,2026-08-05,2026-08-05,A,
deltasigmaphiecu,Delta Sigma Phi - ECU,1,1,0,no,2026-08-05,2026-08-05,A,
deltasigmaphiatgeorgiacollege,Delta Sigma Phi at Georgia College,1,1,0,no,2026-08-05,2026-08-05,A,
deltasigmaphizetanu,Delta Sigma Phi | Zeta Nu,1,1,0,no,2026-07-07,2026-07-07,A,
deltasigmapi,Delta Sigma Pi,1,1,0,no,2026-06-15,2026-06-15,A,
deltataudelta,Delta Tau Delta,1,1,0,no,2026-06-15,2026-06-15,A,
deltataudelta,Delta Tau Delta,1,1,0,no,2026-08-05,2026-08-05,A,
deltataudeltaecu,Delta Tau Delta 🏴‍☠️ ECU,1,1,0,no,2026-08-05,2026-08-05,A,
deltataudeltabetazeta,Delta Tau Delta - Beta Zeta,1,1,0,no,2026-07-06,2026-07-06,A,
deltataudeltaepsilonpsi,Delta Tau Delta - Epsilon Psi,1,1,0,no,2026-07-06,2026-07-06,A,
deltataudeltamoravianuniversity,Delta Tau Delta - Moravian University,1,1,0,no,2026-07-06,2026-07-06,A,
deltataudeltakennesawstate,Delta Tau Delta Kennesaw State,1,1,0,no,2026-08-05,2026-08-05,A,
deltataudeltago,Delta Tau Delta — ΓΟ,1,1,0,no,2026-06-16,2026-06-16,A,
deltathetasigmafraternity,Delta Theta Sigma Fraternity,1,1,0,no,2026-06-11,2026-06-11,A,
deltaupsilon,Delta Upsilon,1,1,0,no,2026-06-11,2026-06-11,A,
deltaupsilontennessee,Delta Upsilon - Tennessee,1,1,0,no,2026-06-11,2026-06-11,A,
deltaupsilondy,Delta Upsilon - ΔΥ,1,1,0,no,2026-06-16,2026-06-16,A,
deltaupsilonfraternity,Delta Upsilon Fraternity,1,1,0,no,2026-06-15,2026-06-15,A,
deltaupsilonrochester,Delta Upsilon Rochester,1,1,0,no,2026-07-06,2026-07-06,A,
deltaupsilonusc,Delta Upsilon • USC,1,1,0,no,2026-08-05,2026-08-05,A,
denisonphikappapsi,Denison Phi Kappa Psi,1,1,0,no,2026-07-06,2026-07-06,A,
ecusaencsigma,ECU ΣΑΕ // NC Sigma,1,1,0,no,2026-08-05,2026-08-05,A,
fijisouthcarolina,FIJI South Carolina,1,1,0,no,2026-08-05,2026-08-05,A,
farmhousefraternity,FarmHouse Fraternity,1,1,0,no,2026-06-11,2026-06-11,A,
francismarionpikes,Francis Marion Pikes,1,1,0,no,2026-06-17,2026-06-17,A,
furmanbetathetapibthp,Furman Beta Theta Pi - ΒΘΠ,1,1,0,no,2026-07-06,2026-07-06,A,
furmanpikappaphi,Furman Pi Kappa Phi,1,1,0,no,2026-07-06,2026-07-06,A,
furmansae,Furman ΣΑΕ,1,1,0,no,2026-07-06,2026-07-06,A,
gcsuato,GCSU ATΩ,1,1,0,no,2026-08-05,2026-08-05,A,
gammaxi,Gamma Xi,1,1,0,no,2026-07-06,2026-07-06,A,
gannonuniversitypikes,Gannon University Pikes,1,1,0,no,2026-06-17,2026-06-17,A,
hanoverbetathetapi,Hanover Beta Theta Pi,1,1,0,no,2026-06-18,2026-06-18,A,
hanoversigmachi,Hanover Sigma Chi,1,1,0,no,2026-06-17,2026-06-17,A,
instagramuser,Instagram User,1,1,0,no,2026-06-15,2026-06-15,A,
instagramuser,Instagram User,1,1,0,no,2026-06-18,2026-06-18,A,
instagramuser,Instagram User,1,1,0,no,2026-08-05,2026-08-05,A,
interfraternitycouncil,Interfraternity Council,1,1,0,no,2026-01-13,2026-01-13,,
iowastatepike,Iowa State PIKE,1,1,0,no,2026-06-17,2026-06-17,A,
kabetazeta,KA Beta Zeta,1,1,0,no,2026-06-15,2026-06-15,A,
kappaalpha,Kappa Alpha,1,1,0,no,2026-06-15,2026-06-15,A,
kappaalphaorder,Kappa Alpha Order,1,1,0,no,2026-08-05,2026-08-05,A,
kappaalphaorder,Kappa Alpha Order,1,1,0,no,2026-03-02,2026-03-02,A,
kappaalphaorderdeltachapter,Kappa Alpha Order - Delta Chapter,1,1,0,no,2026-07-06,2026-07-06,A,
kappaalphaordernorthtexas,Kappa Alpha Order - North Texas,1,1,0,no,2026-07-07,2026-07-07,A,
kappaalphaorderrhodescollege,Kappa Alpha Order - Rhodes College,1,1,0,no,2026-07-06,2026-07-06,A,
kappaalphaorderdps,Kappa Alpha Order - ΔΨ,1,1,0,no,2026-08-05,2026-08-05,A,
kappaalphaorderecu,Kappa Alpha Order ECU,1,1,0,no,2026-08-05,2026-08-05,A,
kappaalphaorderzp,Kappa Alpha Order ZΠ,1,1,0,no,2026-03-02,2026-03-02,A,
kappaalphaorderpichapteruniversityoftennessee,Kappa Alpha Order | Pi Chapter | University of Tennessee,1,1,0,no,2026-08-05,2026-08-05,A,
kappaomicronalphasigmaphi,Kappa Omicron - Alpha Sigma Phi,1,1,0,no,2026-03-02,2026-03-02,A,
kappaphiepsilon,Kappa Phi Epsilon,1,1,0,no,2026-06-15,2026-06-15,A,
kappasigma,Kappa Sigma,1,1,0,no,2026-08-05,2026-08-05,A,
kappasigmageorgiasouthern,Kappa Sigma - Georgia Southern,1,1,0,no,2026-08-05,2026-08-05,A,
kappasigmaecu,Kappa Sigma ECU,1,1,0,no,2026-08-05,2026-08-05,A,
kappasigmafgcu,Kappa Sigma FGCU,1,1,0,no,2026-03-02,2026-03-02,A,
kappasigmaatgcsu,Kappa Sigma at GCSU,1,1,0,no,2026-08-05,2026-08-05,A,
kappasigmaattennesseetech,Kappa Sigma at Tennessee Tech,1,1,0,no,2026-08-05,2026-08-05,A,
kappasigmaattheuniversityofsouthcarolina,Kappa Sigma at The University of South Carolina,1,1,0,no,2026-08-05,2026-08-05,A,
kappasigmaattheuniversityofwestgeorgia,Kappa Sigma at The University of West Georgia,1,1,0,no,2026-08-05,2026-08-05,A,
kappasigmaatucf,Kappa Sigma at UCF,1,1,0,no,2026-06-15,2026-06-15,A,
kappasigmauniversityofnorthtexas,Kappa Sigma | University of North Texas,1,1,0,no,2026-07-07,2026-07-07,A,
kennesawstatedeltachi,Kennesaw State Delta Chi,1,1,0,no,2026-08-05,2026-08-05,A,
kennesawstatesigmanu,Kennesaw State Sigma Nu,1,1,0,no,2026-08-05,2026-08-05,A,
launidadlatinainvincibleiota,La Unidad Latina ⚜️ Invincible 𝐈𝐎𝐓𝐀,1,1,0,no,2026-06-15,2026-06-15,A,
lambdaalphachapter,Lambda Alpha Chapter,1,1,0,no,2026-06-18,2026-06-18,A,
lambdachialpha,Lambda Chi Alpha,1,1,0,no,2026-07-06,2026-07-06,A,
lambdachialpha,Lambda Chi Alpha,1,1,0,no,2026-07-06,2026-07-06,A,
lambdachialpha,Lambda Chi Alpha,1,1,0,no,2026-07-06,2026-07-06,A,
lambdachialphaappalachianstate,Lambda Chi Alpha - Appalachian State,1,1,0,no,2026-08-05,2026-08-05,A,
lambdachialphagettysburg,Lambda Chi Alpha - Gettysburg,1,1,0,no,2026-07-06,2026-07-06,A,
lambdachialphatampa,Lambda Chi Alpha - Tampa,1,1,0,no,2026-06-15,2026-06-15,A,
lambdachialphavillanovauniveristy,Lambda Chi Alpha Villanova Univeristy,1,1,0,no,2026-06-15,2026-06-15,A,
lambdachialphaatuf,Lambda Chi Alpha at UF,1,1,0,no,2026-06-15,2026-06-15,A,
lambdachialphabetapsizeta,Lambda Chi Alpha | Beta-Psi Zeta,1,1,0,no,2026-07-07,2026-07-07,A,
lambdachialphahighpointuniversity,Lambda Chi Alpha | High Point University,1,1,0,no,2026-07-06,2026-07-06,A,
lambdachialphauniversityoftennessee,Lambda Chi Alpha | University of Tennessee,1,1,0,no,2026-08-05,2026-08-05,A,
lambdachialphasyracuseuniversity,Lambda Chi Alpha • Syracuse University,1,1,0,no,2026-06-16,2026-06-16,A,
lenoirrhyneuniversitypkph,Lenoir - Rhyne University ΠΚΦ,1,1,0,no,2026-06-18,2026-06-18,A,
loyolapikappaphi,Loyola ☆ Pi Kappa Phi,1,1,0,no,2026-06-18,2026-06-18,A,
minnesotapikes,Minnesota Pikes,1,1,0,no,2026-06-17,2026-06-17,A,
mizzoupikes,Mizzou Pikes,1,1,0,no,2026-06-17,2026-06-17,A,
muthetaalphaepsilonpi,Mu Theta | Alpha Epsilon Pi,1,1,0,no,2026-08-05,2026-08-05,A,
northgeorgiapike,North Georgia PIKE,1,1,0,no,2026-06-17,2026-06-17,A,
northtexaspike,North Texas PIKE,1,1,0,no,2026-07-07,2026-07-07,A,
northtexasphikappatau,North Texas Phi Kappa Tau,1,1,0,no,2026-07-07,2026-07-07,A,
northeasternstateuniversitypka,Northeastern State University ΠΚΑ,1,1,0,no,2026-06-17,2026-06-17,A,
northwestmissouristatepike,Northwest Missouri State Pike,1,1,0,no,2026-06-17,2026-06-17,A,
ohiouniversitypikes,Ohio University Pikes,1,1,0,no,2026-06-18,2026-06-18,A,
omicrongammaomegamoravianuniversity,Omicron Gamma Omega - Moravian University,1,1,0,no,2026-07-06,2026-07-06,A,
phideltatheta,PHI DELTA THETA,1,1,0,no,2026-06-15,2026-06-15,A,
phideltathetagsu,PHI DELTA THETA | GSU,1,1,0,no,2026-08-05,2026-08-05,A,
phigammadelta,PHI GAMMA DELTA,1,1,0,no,2026-06-15,2026-06-15,A,
phikappatau,PHI KAPPA TAU,1,1,0,no,2026-06-15,2026-06-15,A,
pikappaalpha,PI KAPPA ALPHA,1,1,0,no,2026-07-05,2026-07-05,A,
pikappaalphacnu,PI KAPPA ALPHA - CNU,1,1,0,no,2026-06-17,2026-06-17,A,
pikappaalphagammaepsilon,PI Kappa Alpha - Gamma Epsilon,1,1,0,no,2026-06-17,2026-06-17,A,
pikedeltaxi,PIKE Delta Xi,1,1,0,no,2026-06-17,2026-06-17,A,
pikeatbostonuniversity,PIKE at Boston University,1,1,0,no,2026-06-17,2026-06-17,A,
pikeuniversityofdelaware,PIKE • University Of Delaware,1,1,0,no,2026-06-17,2026-06-17,A,
pennstatefiji,Penn State FIJI,1,1,0,no,2026-06-11,2026-06-11,A,
pennstatethetachi,Penn State Theta Chi,1,1,0,no,2026-06-11,2026-06-11,A,
pennsylvaniastatelambdachi,Pennsylvania State Lambda Chi,1,1,0,no,2026-06-11,2026-06-11,A,
phideltatheta,Phi Delta Theta,1,1,0,no,2026-07-06,2026-07-06,A,
phideltatheta,Phi Delta Theta,1,1,0,no,2026-08-05,2026-08-05,A,
phideltathetamiami,Phi Delta Theta - Miami,1,1,0,no,2026-08-05,2026-08-05,A,
phideltathetapennstate,Phi Delta Theta - Penn State,1,1,0,no,2026-06-11,2026-06-11,A,
phideltathetapennsylvaniabeta,Phi Delta Theta - Pennsylvania Beta,1,1,0,no,2026-07-06,2026-07-06,A,
phideltathetafloridaalpha,Phi Delta Theta Florida Alpha,1,1,0,no,2026-06-15,2026-06-15,A,
phideltathetakyad,Phi Delta Theta KY-AD,1,1,0,no,2026-07-06,2026-07-06,A,
phideltathetauniversityofwestgeorgia,Phi Delta Theta • University of West Georgia,1,1,0,no,2026-08-05,2026-08-05,A,
phigammadelta,Phi Gamma Delta,1,1,0,no,2026-08-05,2026-08-05,A,
phigammadelta,Phi Gamma Delta,1,1,0,no,2026-07-07,2026-07-07,A,
phigammadeltarutgersuniversity,Phi Gamma Delta | Rutgers University,1,1,0,no,2026-06-15,2026-06-15,A,
phikappapsibutleruniversity,Phi Kappa Psi - Butler University,1,1,0,no,2026-07-06,2026-07-06,A,
phikappapsipenneta,Phi Kappa Psi - Penn Eta,1,1,0,no,2026-07-06,2026-07-06,A,
phikappapsipennstate,Phi Kappa Psi - Penn State,1,1,0,no,2026-06-11,2026-06-11,A,
phikappapsialabamaalpha,Phi Kappa Psi Alabama Alpha,1,1,0,no,2026-06-15,2026-06-15,A,
phikappapsilouisianabeta,Phi Kappa Psi | Louisiana Beta,1,1,0,no,2026-07-06,2026-07-06,A,
phikappasigma,Phi Kappa Sigma,1,1,0,no,2026-06-15,2026-06-15,A,
phikappasigmaatfm,Phi Kappa Sigma at F&M,1,1,0,no,2026-07-06,2026-07-06,A,
phikappasigma,Phi Kappa Sigma ☠️,1,1,0,no,2026-08-05,2026-08-05,A,
phikappataudeltachapter,Phi Kappa Tau - Delta Chapter,1,1,0,no,2026-07-06,2026-07-06,A,
phikappataupennstate,Phi Kappa Tau - Penn State,1,1,0,no,2026-06-11,2026-06-11,A,
phikappatausouthcarolina,Phi Kappa Tau - South Carolina,1,1,0,no,2026-08-05,2026-08-05,A,
phikappatauzetamu,Phi Kappa Tau - Zeta Mu,1,1,0,no,2026-08-05,2026-08-05,A,
phikappataurutgers,Phi Kappa Tau • Rutgers,1,1,0,no,2026-06-15,2026-06-15,A,
phirhochapterofdeltakappaepsilon,Phi Rho Chapter of Delta Kappa Epsilon,1,1,0,no,2026-06-11,2026-06-11,A,
phisigmakappa,Phi Sigma Kappa,1,1,0,no,2026-06-18,2026-06-18,A,
phisigmakappa,Phi Sigma Kappa,1,1,0,no,2026-08-05,2026-08-05,A,
phisigmakappa,Phi Sigma Kappa,1,1,0,no,2026-06-15,2026-06-15,A,
phisigmakappautk,Phi Sigma Kappa UTK,1,1,0,no,2026-08-05,2026-08-05,A,
phisigmakappafarsig,Phi Sigma Kappa [Far Sig],1,1,0,no,2026-06-11,2026-06-11,A,
phisigmakappageorgiasouthern,Phi Sigma Kappa | Georgia Southern,1,1,0,no,2026-08-05,2026-08-05,A,
phisigmakappasouthcarolina,Phi Sigma Kappa | South Carolina,1,1,0,no,2026-08-05,2026-08-05,A,
phisigmakappaphskpsk,Phi Sigma Kappa • ΦΣΚ • PSK,1,1,0,no,2026-06-15,2026-06-15,A,
pikappaalpha,Pi Kappa Alpha,1,1,0,no,2026-06-17,2026-06-17,A,
pikappaalpha,Pi Kappa Alpha,1,1,0,no,2026-06-17,2026-06-17,A,
pikappaalpha,Pi Kappa Alpha,1,1,0,no,2026-07-05,2026-07-05,A,
pikappaalpha,Pi Kappa Alpha,1,1,0,no,2026-06-18,2026-06-18,A,
pikappaalpha,Pi Kappa Alpha,1,1,0,no,2026-06-17,2026-06-17,A,
pikappaalpha,Pi Kappa Alpha,1,1,0,no,2026-06-17,2026-06-17,A,
pikappaalpha,Pi Kappa Alpha,1,1,0,no,2026-06-17,2026-06-17,A,
pikappaalpha,Pi Kappa Alpha,1,1,0,no,2026-07-05,2026-07-05,A,
pikappaalpha,Pi Kappa Alpha,1,1,0,no,2026-06-17,2026-06-17,A,
pikappaalpha,Pi Kappa Alpha,1,1,0,no,2026-06-17,2026-06-17,A,
pikappaalpha,Pi Kappa Alpha,1,1,0,no,2026-06-17,2026-06-17,A,
pikappaalpha,Pi Kappa Alpha,1,1,0,no,2026-06-17,2026-06-17,A,
pikappaalpha,Pi Kappa Alpha,1,1,0,no,2026-06-17,2026-06-17,A,
pikappaalpha,Pi Kappa Alpha,1,1,0,no,2026-06-17,2026-06-17,A,
pikappaalpha,Pi Kappa Alpha,1,1,0,no,2026-07-05,2026-07-05,A,
pikappaalpha,Pi Kappa Alpha,1,1,0,no,2026-08-05,2026-08-05,,
pikappaalpha,Pi Kappa Alpha,1,1,0,no,2026-07-05,2026-07-05,A,
pikappaalpha,Pi Kappa Alpha,1,1,0,no,2026-06-17,2026-06-17,A,
pikappaalpha,Pi Kappa Alpha,1,1,0,no,2026-08-05,2026-08-05,A,
pikappaalpha,Pi Kappa Alpha,1,1,0,no,2026-07-05,2026-07-05,A,
pikappaalpha,Pi Kappa Alpha,1,1,0,no,2026-06-17,2026-06-17,A,
pikappaalpha,Pi Kappa Alpha,1,1,0,no,2026-06-17,2026-06-17,A,
pikappaalpha,Pi Kappa Alpha,1,1,0,no,2026-06-17,2026-06-17,A,
pikappaalpha,Pi Kappa Alpha,1,1,0,no,2026-07-05,2026-07-05,A,
pikappaalpha,Pi Kappa Alpha,1,1,0,no,2026-06-15,2026-06-15,A,
pikappaalpha,Pi Kappa Alpha,1,1,0,no,2026-06-17,2026-06-17,A,
pikappaalphaepsilon,Pi Kappa Alpha - Epsilon,1,1,0,no,2026-06-17,2026-06-17,A,
pikappaalphakansasstate,Pi Kappa Alpha - Kansas State,1,1,0,no,2026-06-17,2026-06-17,A,
pikappaalphamukappachapter,Pi Kappa Alpha - Mu Kappa Chapter,1,1,0,no,2026-06-17,2026-06-17,A,
pikappaalphaoregonstate,Pi Kappa Alpha - Oregon State,1,1,0,no,2026-06-17,2026-06-17,A,
pikappaalphasaintlouisuniversity,Pi Kappa Alpha - Saint Louis University,1,1,0,no,2026-06-17,2026-06-17,A,
pikappaalphausd,Pi Kappa Alpha - USD,1,1,0,no,2026-06-17,2026-06-17,A,
pikappaalphauniversityoflouisville,Pi Kappa Alpha - University of Louisville,1,1,0,no,2026-06-17,2026-06-17,A,
pikappaalphauniversityofmichigan,Pi Kappa Alpha - University of Michigan,1,1,0,no,2026-06-17,2026-06-17,A,
pikappaalphagcsu,Pi Kappa Alpha @ GCSU,1,1,0,no,2026-08-05,2026-08-05,A,
pikappaalphahsc,Pi Kappa Alpha H-SC,1,1,0,no,2026-06-17,2026-06-17,A,
pikappaalphaoklahomastateuniversity,Pi Kappa Alpha Oklahoma State University,1,1,0,no,2026-07-05,2026-07-05,A,
pikappaalpharpi,Pi Kappa Alpha RPI,1,1,0,no,2026-06-17,2026-06-17,A,
pikappaalphaunivoftoledo,Pi Kappa Alpha Univ. of Toledo,1,1,0,no,2026-07-05,2026-07-05,A,
pikappaalphaatindiana,Pi Kappa Alpha at Indiana,1,1,0,no,2026-07-05,2026-07-05,A,
pikappaalphaatlsu,Pi Kappa Alpha at LSU,1,1,0,no,2026-07-05,2026-07-05,A,
pikappaalphaatndsu,Pi Kappa Alpha at NDSU,1,1,0,no,2026-06-17,2026-06-17,A,
pikappaalphaatulm,Pi Kappa Alpha at ULM,1,1,0,no,2026-06-17,2026-06-17,A,
pikappaalphabetaphi,Pi Kappa Alpha | Beta Phi,1,1,0,no,2026-06-17,2026-06-17,A,
pikappaalphaecu,Pi Kappa Alpha | ECU,1,1,0,no,2026-08-05,2026-08-05,A,
pikappaalphamuiota,Pi Kappa Alpha | Mu Iota,1,1,0,no,2026-06-17,2026-06-17,A,
pikappaalphapike,Pi Kappa Alpha | PIKE,1,1,0,no,2026-07-07,2026-07-07,A,
pikappaalphapike,Pi Kappa Alpha | PIKE,1,1,0,no,2026-06-17,2026-06-17,A,
pikappaalphasdsu,Pi Kappa Alpha | SDSU,1,1,0,no,2026-06-17,2026-06-17,A,
pikappaalphauwo,Pi Kappa Alpha | UWO,1,1,0,no,2026-06-17,2026-06-17,A,
pikappaalphazetaiota,Pi Kappa Alpha | Zeta Iota,1,1,0,no,2026-06-17,2026-06-17,A,
pikappaalphabetasigma,"Pi Kappa Alpha, Beta Sigma",1,1,0,no,2026-06-17,2026-06-17,A,
pikappaphi,Pi Kappa Phi,1,1,0,no,2026-06-18,2026-06-18,A,
pikappaphi,Pi Kappa Phi,1,1,0,no,2026-06-18,2026-06-18,A,
pikappaphi,Pi Kappa Phi,1,1,0,no,2026-08-05,2026-08-05,A,
pikappaphi,Pi Kappa Phi,1,1,0,no,2026-06-18,2026-06-18,A,
pikappaphi,Pi Kappa Phi,1,1,0,no,2026-06-18,2026-06-18,A,
pikappaphi,Pi Kappa Phi,1,1,0,no,2026-06-15,2026-06-15,A,
pikappaphi,Pi Kappa Phi,1,1,0,no,2026-06-18,2026-06-18,A,
pikappaphi,Pi Kappa Phi,1,1,0,no,2026-06-18,2026-06-18,A,
pikappaphi,Pi Kappa Phi,1,1,0,no,2026-06-18,2026-06-18,A,
pikappaphi,Pi Kappa Phi,1,1,0,no,2026-06-18,2026-06-18,A,
pikappaphi,Pi Kappa Phi,1,1,0,no,2026-06-18,2026-06-18,A,
pikappaphibetanu,Pi Kappa Phi - Beta Nu,1,1,0,no,2026-06-18,2026-06-18,A,
pikappaphibetaxi,Pi Kappa Phi - Beta Xi,1,1,0,no,2026-06-18,2026-06-18,A,
pikappaphiepsilonmu,Pi Kappa Phi - Epsilon Mu,1,1,0,no,2026-06-18,2026-06-18,A,
pikappaphigammaepsilon,Pi Kappa Phi - Gamma Epsilon,1,1,0,no,2026-06-18,2026-06-18,A,
pikappaphiiit,Pi Kappa Phi - IIT,1,1,0,no,2026-06-18,2026-06-18,A,
pikappaphimissouristate,Pi Kappa Phi - Missouri State,1,1,0,no,2026-07-07,2026-07-07,A,
pikappaphinsu,Pi Kappa Phi - NSU,1,1,0,no,2026-06-18,2026-06-18,A,
pikappaphisigmachapters,Pi Kappa Phi - Sigma Chapter Σ,1,1,0,no,2026-08-05,2026-08-05,A,
pikappaphitennesseetechuniversity,Pi Kappa Phi - Tennessee Tech University,1,1,0,no,2026-08-05,2026-08-05,A,
pikappaphiuccs,Pi Kappa Phi - UCCS,1,1,0,no,2026-06-18,2026-06-18,A,
pikappaphiusd,Pi Kappa Phi - USD,1,1,0,no,2026-06-18,2026-06-18,A,
pikappaphicsulb,Pi Kappa Phi CSULB,1,1,0,no,2026-06-18,2026-06-18,A,
pikappaphifraternitydu,Pi Kappa Phi Fraternity DU,1,1,0,no,2026-06-18,2026-06-18,A,
pikappaphigcsu,Pi Kappa Phi GCSU,1,1,0,no,2026-08-05,2026-08-05,A,
pikappaphilouisville,Pi Kappa Phi Louisville,1,1,0,no,2026-06-18,2026-06-18,A,
pikappaphiatrensselaerpolytechnicinstitute,Pi Kappa Phi at Rensselaer Polytechnic Institute,1,1,0,no,2026-06-18,2026-06-18,A,
pikappaphiappalachianstateuniversity,Pi Kappa Phi | Appalachian State University,1,1,0,no,2026-08-05,2026-08-05,A,
pikappaphibetabeta,Pi Kappa Phi | Beta Beta,1,1,0,no,2026-06-18,2026-06-18,A,
pikappaphifloridagulfcoast,Pi Kappa Phi | Florida Gulf Coast,1,1,0,no,2026-03-02,2026-03-02,A,
pikappaphisouthalabama,Pi Kappa Phi | South Alabama,1,1,0,no,2026-06-18,2026-06-18,A,
pikappaphizetaepsilonchapter,Pi Kappa Phi | Zeta Epsilon Chapter,1,1,0,no,2026-06-18,2026-06-18,A,
pikappaphipkphnuchapter,Pi Kappa Phi ΠΚΦ | Nu Chapter,1,1,0,no,2026-06-18,2026-06-18,A,
pikappaphilambdaiota,Pi Kappa Phi • Lambda Iota,1,1,0,no,2026-06-18,2026-06-18,A,
pikappaphiunccharlotte,Pi Kappa Phi • UNC Charlotte,1,1,0,no,2026-06-18,2026-06-18,A,
pikappaphiuniversityofmiamipkph,Pi Kappa Phi • University of Miami • ΠΚΦ,1,1,0,no,2026-08-05,2026-08-05,A,
pikappaphistonybrook,Pi Kappa Phi ⚔️ Stony Brook,1,1,0,no,2026-06-18,2026-06-18,A,
pilambdaphi,Pi Lambda Phi,1,1,0,no,2026-06-15,2026-06-15,A,
pilambdaphifraternity,Pi Lambda Phi Fraternity,1,1,0,no,2026-08-05,2026-08-05,A,
rhodesalphatauomega,Rhodes Alpha Tau Omega,1,1,0,no,2026-07-06,2026-07-06,A,
rhodessigmanu,Rhodes Sigma Nu,1,1,0,no,2026-07-06,2026-07-06,A,
rutgersdeltachi,Rutgers Delta Chi,1,1,0,no,2026-06-15,2026-06-15,A,
shsupike,SHSU PIKE,1,1,0,no,2026-06-17,2026-06-17,A,
sigmachitau,SIGMA CHI TAU,1,1,0,no,2026-08-05,2026-08-05,A,
sigepcoastalcarolina,SigEp @ Coastal Carolina,1,1,0,no,2026-08-05,2026-08-05,A,
sigmaalphaepsilon,Sigma Alpha Epsilon,1,1,0,no,2026-06-15,2026-06-15,A,
sigmaalphaepsilon,Sigma Alpha Epsilon,1,1,0,no,2026-07-06,2026-07-06,A,
sigmaalphaepsilon,Sigma Alpha Epsilon,1,1,0,no,2026-06-11,2026-06-11,A,
sigmaalphaepsilonsae,Sigma Alpha Epsilon (ΣΑΕ),1,1,0,no,2026-06-15,2026-06-15,A,
sigmaalphaepsilontneta,Sigma Alpha Epsilon - TN Eta,1,1,0,no,2026-07-06,2026-07-06,A,
sigmaalphaepsilonsae,Sigma Alpha Epsilon - ΣΑΕ,1,1,0,no,2026-08-05,2026-08-05,A,
sigmaalphaepsilonutk,Sigma Alpha Epsilon UTK,1,1,0,no,2026-08-05,2026-08-05,A,
sigmaalphaepsilonatucf,Sigma Alpha Epsilon at UCF,1,1,0,no,2026-06-15,2026-06-15,A,
sigmaalphaepsilonatunf,Sigma Alpha Epsilon at UNF,1,1,0,no,2026-03-02,2026-03-02,A,
sigmaalphaepsilonrutgersuniversity,Sigma Alpha Epsilon | Rutgers University,1,1,0,no,2026-06-15,2026-06-15,A,
sigmaalphamu,Sigma Alpha Mu,1,1,0,no,2026-06-15,2026-06-15,A,
sigmaalphamusyracuseuniversity,Sigma Alpha Mu - Syracuse University,1,1,0,no,2026-06-16,2026-06-16,A,
sigmabetarhothetatakethver,Sigma Beta Rho | Theta Takeϴver,1,1,0,no,2026-06-15,2026-06-15,A,
sigmachi,Sigma Chi,1,1,0,no,2026-06-18,2026-06-18,A,
sigmachi,Sigma Chi,1,1,0,no,2026-06-18,2026-06-18,A,
sigmachischgeorgiatech,Sigma Chi ΣΧ | Georgia Tech,1,1,0,no,2026-06-18,2026-06-18,A,
sigmachibridgewaterstateuniversity,Sigma Chi - Bridgewater State University,1,1,0,no,2026-06-18,2026-06-18,A,
sigmachideltaepsilon,Sigma Chi - Delta Epsilon,1,1,0,no,2026-06-18,2026-06-18,A,
sigmachiiotazeta,Sigma Chi - Iota Zeta,1,1,0,no,2026-06-18,2026-06-18,A,
sigmachilambdapsi,Sigma Chi - Lambda Psi,1,1,0,no,2026-07-06,2026-07-06,A,
sigmachimtsu,Sigma Chi - MTSU,1,1,0,no,2026-06-18,2026-06-18,A,
sigmachimissouristateuniversity,Sigma Chi - Missouri State University,1,1,0,no,2026-07-07,2026-07-07,A,
sigmachirho,Sigma Chi - Rho,1,1,0,no,2026-07-06,2026-07-06,A,
sigmachiuncchapelhill,Sigma Chi - UNC Chapel Hill,1,1,0,no,2026-08-05,2026-08-05,A,
sigmachiuniversityofnorthflorida,Sigma Chi - University of North Florida,1,1,0,no,2026-03-02,2026-03-02,A,
sigmachizetatau,Sigma Chi - Zeta Tau,1,1,0,no,2026-06-18,2026-06-18,A,
sigmachialumniwashingtonstateuniversity,"Sigma Chi Alumni, Washington State University",1,1,0,no,2026-06-18,2026-06-18,A,
sigmachietaxi,Sigma Chi Eta Xi,1,1,0,no,2026-06-18,2026-06-18,A,
sigmachinorthwestern,Sigma Chi Northwestern,1,1,0,no,2026-06-18,2026-06-18,A,
sigmachiumn,Sigma Chi UMN,1,1,0,no,2026-06-18,2026-06-18,A,
sigmachiatfloridagulfcoastuniversity,Sigma Chi at Florida Gulf Coast University,1,1,0,no,2026-03-02,2026-03-02,A,
sigmachiatrutgers,Sigma Chi at Rutgers,1,1,0,no,2026-06-15,2026-06-15,A,
sigmachiatumaine,Sigma Chi at UMaine,1,1,0,no,2026-06-17,2026-06-17,A,
sigmachiatuniversityofflorida,Sigma Chi at University of Florida,1,1,0,no,2026-06-15,2026-06-15,A,
sigmachiatwestminstercollegemo,Sigma Chi at Westminster College (MO),1,1,0,no,2026-06-18,2026-06-18,A,
sigmachierauprescott,Sigma Chi | ERAU Prescott,1,1,0,no,2026-06-18,2026-06-18,A,
sigmachies,Sigma Chi | EΣ,1,1,0,no,2026-06-18,2026-06-18,A,
sigmachikappatauchapter,Sigma Chi | Kappa Tau Chapter,1,1,0,no,2026-06-18,2026-06-18,A,
sigmachipittstate,Sigma Chi | Pitt State,1,1,0,no,2026-06-18,2026-06-18,A,
sigmachiumass,Sigma Chi | UMass,1,1,0,no,2026-06-18,2026-06-18,A,
sigmachiutarlington,Sigma Chi | UT Arlington,1,1,0,no,2026-06-18,2026-06-18,A,
sigmachiuwmilwaukee,Sigma Chi | UW-Milwaukee,1,1,0,no,2026-06-17,2026-06-17,A,
sigmachiuniversityofwestgeorgia,Sigma Chi | University of West Georgia,1,1,0,no,2026-08-05,2026-08-05,A,
sigmachix,Sigma Chi | 𝚺𝐗,1,1,0,no,2026-08-05,2026-08-05,A,
sigmachischkappaepsilon,Sigma Chi ΣΧ • Kappa Epsilon,1,1,0,no,2026-06-17,2026-06-17,A,
sigmalambdabetaslb,Sigma Lambda Beta | ΣΛB,1,1,0,no,2026-06-15,2026-06-15,A,
sigmanu,Sigma Nu,1,1,0,no,2026-07-06,2026-07-06,A,
sigmanugettysburg,Sigma Nu - Gettysburg,1,1,0,no,2026-07-06,2026-07-06,A,
sigmanuthetakappachapter,Sigma Nu - Theta Kappa Chapter,1,1,0,no,2026-08-05,2026-08-05,A,
sigmanuuofr,Sigma Nu @ UofR,1,1,0,no,2026-07-06,2026-07-06,A,
sigmanuecu,Sigma Nu ECU,1,1,0,no,2026-08-05,2026-08-05,A,
sigmanuepsiloneta,Sigma Nu Epsilon Eta,1,1,0,no,2026-08-05,2026-08-05,A,
sigmanuatfurmanuniversity,Sigma Nu at Furman University,1,1,0,no,2026-07-06,2026-07-06,A,
sigmanubutleruniversity,Sigma Nu ◦ Butler University,1,1,0,no,2026-07-06,2026-07-06,A,
sigmaphiepsilon,Sigma Phi Epsilon,1,1,0,no,2026-08-05,2026-08-05,A,
sigmaphiepsilon,Sigma Phi Epsilon,1,1,0,no,2026-06-15,2026-06-15,A,
sigmaphiepsilonuf,Sigma Phi Epsilon - UF,1,1,0,no,2026-06-15,2026-06-15,A,
sigmaphiepsilonnckappa,Sigma Phi Epsilon NC Kappa,1,1,0,no,2026-08-05,2026-08-05,A,
sigmaphiepsilonnyxiur,Sigma Phi Epsilon NY Xi - UR,1,1,0,no,2026-07-06,2026-07-06,A,
sigmaphiepsilonscalpha,Sigma Phi Epsilon SC-Alpha,1,1,0,no,2026-08-05,2026-08-05,A,
sigmaphiepsilonpennstate,Sigma Phi Epsilon | Penn State,1,1,0,no,2026-06-11,2026-06-11,A,
sigmapi,Sigma Pi,1,1,0,no,2026-07-07,2026-07-07,A,
sigmapi,Sigma Pi,1,1,0,no,2026-06-15,2026-06-15,A,
sigmapi,Sigma Pi,1,1,0,no,2026-08-05,2026-08-05,A,
sigmapicoastalcarolina,Sigma Pi - Coastal Carolina,1,1,0,no,2026-08-05,2026-08-05,A,
sigmapirutgers,Sigma Pi Rutgers,1,1,0,no,2026-06-15,2026-06-15,A,
sigmapizetaalpha,Sigma Pi Zeta Alpha,1,1,0,no,2026-07-06,2026-07-06,A,
sigmataugamma,Sigma Tau Gamma,1,1,0,no,2026-08-05,2026-08-05,A,
southcarolinabetathetapi,South Carolina - Beta Theta Pi,1,1,0,no,2026-08-05,2026-08-05,A,
stanfordsigmachisch,Stanford Sigma Chi | ΣΧ,1,1,0,no,2026-06-18,2026-06-18,A,
syracusedke,Syracuse ΔΚΕ,1,1,0,no,2026-06-16,2026-06-16,A,
tcubetathetapi,TCU Beta Theta Pi,1,1,0,no,2026-06-18,2026-06-18,A,
tcusigmachisch,TCU Sigma Chi (ΣΧ),1,1,0,no,2026-06-18,2026-06-18,A,
thetachi,THETA CHI,1,1,0,no,2026-02-11,2026-02-11,A,
tkegeorgiasouthern,TKE - Georgia Southern,1,1,0,no,2026-08-05,2026-08-05,A,
tketampa,TKE Tampa,1,1,0,no,2026-06-15,2026-06-15,A,
ttufiji,TTU FIJI 🦉,1,1,0,no,2026-08-05,2026-08-05,A,
ttupikepka,TTU PIKE - ΠΚΑ,1,1,0,no,2026-08-05,2026-08-05,A,
ttusigmachi,TTU Sigma Chi,1,1,0,no,2026-08-05,2026-08-05,A,
tauepsilonphipsu,Tau Epsilon Phi - PSU,1,1,0,no,2026-06-11,2026-06-11,A,
taukappaepsilon,Tau Kappa Epsilon,1,1,0,no,2026-07-07,2026-07-07,A,
taukappaepsilon,Tau Kappa Epsilon,1,1,0,no,2026-06-17,2026-06-17,A,
taukappaepsilon,Tau Kappa Epsilon,1,1,0,no,2026-08-05,2026-08-05,A,
taukappaepsilonmiami,Tau Kappa Epsilon - Miami,1,1,0,no,2026-08-05,2026-08-05,,
taukappaepsilonok,Tau Kappa Epsilon - OK,1,1,0,no,2026-07-06,2026-07-06,A,
taukappaepsilonatkutztownuniversity,Tau Kappa Epsilon at Kutztown University,1,1,0,no,2026-07-06,2026-07-06,A,
taukappaepsilonatucf,Tau Kappa Epsilon at UCF,1,1,0,no,2026-06-15,2026-06-15,A,
taukappaepsilonatuf,Tau Kappa Epsilon at UF,1,1,0,no,2026-03-02,2026-03-02,A,
taukappaepsilonwcu,Tau Kappa Epsilon | WCU,1,1,0,no,2026-07-06,2026-07-06,A,
taukappaepsilonsyracuseuniversity,Tau Kappa Epsilon • Syracuse University,1,1,0,no,2026-06-16,2026-06-16,A,
texasbetathetapi,Texas Beta Theta Pi,1,1,0,no,2026-06-18,2026-06-18,A,
texaspikappaphi,Texas Pi Kappa Phi,1,1,0,no,2026-06-18,2026-06-18,A,
theuniversityofalabamakappasigma,The University of Alabama Kappa Sigma,1,1,0,no,2026-06-15,2026-06-15,A,
thezetaphinupes,The Zeta Phi Nupes ♦️,1,1,0,no,2026-06-15,2026-06-15,A,
thetachapterofsigmachi,Theta Chapter of Sigma Chi,1,1,0,no,2026-07-06,2026-07-06,A,
thetachi,Theta Chi,1,1,0,no,2026-03-02,2026-03-02,A,
thetachimissouristateuniversity,Theta Chi - Missouri State University,1,1,0,no,2026-07-07,2026-07-07,A,
thetachialabama,Theta Chi Alabama,1,1,0,no,2026-06-15,2026-06-15,A,
thetachifraternity,Theta Chi Fraternity,1,1,0,no,2026-06-16,2026-06-16,A,
thetachifraternityuf,Theta Chi Fraternity - UF,1,1,0,no,2026-06-15,2026-06-15,A,
thetachifraternitygcsu,Theta Chi Fraternity @ GCSU,1,1,0,no,2026-08-05,2026-08-05,A,
thetachiunt,Theta Chi | UNT,1,1,0,no,2026-07-07,2026-07-07,A,
thetaomegapike,Theta Omega Pike,1,1,0,no,2026-06-17,2026-06-17,A,
thetaxial,Theta Xi - ΑΛ,1,1,0,no,2026-06-15,2026-06-15,A,
thetaxikennesawstateuniversity,Theta Xi | Kennesaw State University,1,1,0,no,2026-08-05,2026-08-05,A,
thetaxialphaomicronchapter,Theta Xi • Alpha Omicron Chapter,1,1,0,no,2026-07-06,2026-07-06,A,
trianglefraternity,Triangle Fraternity,1,1,0,no,2026-06-11,2026-06-11,A,
uaphideltatheta,UA Phi Delta Theta,1,1,0,no,2026-06-15,2026-06-15,A,
uasigmachi,UA Sigma Chi,1,1,0,no,2026-06-15,2026-06-15,A,
uconnpikappaphi,UConn Pi Kappa Phi,1,1,0,no,2026-06-18,2026-06-18,A,
ufbetathetapi,UF Beta Theta Pi,1,1,0,no,2026-06-15,2026-06-15,A,
ufsae,UF ΣΑΕ,1,1,0,no,2026-06-15,2026-06-15,A,
ulkappaalphaordergammaphi,UL Kappa Alpha Order-Gamma Phi,1,1,0,no,2026-07-06,2026-07-06,A,
unckappaalphaorder,UNC Kappa Alpha Order,1,1,0,no,2026-08-05,2026-08-05,A,
uncsae,UNC ΣAE,1,1,0,no,2026-08-05,2026-08-05,A,
uncchapelhillkappasigma,UNC-Chapel Hill Kappa Sigma,1,1,0,no,2026-08-05,2026-08-05,A,
uncginterfraternitycouncil,UNCG InterFraternity Council,1,1,0,no,2026-06-18,2026-06-18,A,
uncwpikappaalpha,UNCW Pi Kappa Alpha,1,1,0,no,2026-06-17,2026-06-17,A,
unlvpikes,UNLV Pikes,1,1,0,no,2026-06-17,2026-06-17,A,
untalphaepsilonpi,UNT Alpha Epsilon Pi,1,1,0,no,2026-07-07,2026-07-07,A,
untsigmanu,UNT Sigma Nu,1,1,0,no,2026-07-07,2026-07-07,A,
upennpikappaalpha,UPenn Pi Kappa Alpha,1,1,0,no,2026-06-17,2026-06-17,A,
uscpikappaphi,USC Pi Kappa Phi,1,1,0,no,2026-06-18,2026-06-18,A,
usfalphasigmaphi,USF Alpha Sigma Phi,1,1,0,no,2026-06-15,2026-06-15,A,
usfpikappaalphapka,USF Pi Kappa Alpha (ΠΚΑ),1,1,0,no,2026-06-15,2026-06-15,A,
usfsigmanu,USF Sigma Nu,1,1,0,no,2026-06-15,2026-06-15,A,
utsapkphiotabeta,UTSA ΠΚΦ: Iota Beta,1,1,0,no,2026-06-18,2026-06-18,A,
uvmpikepka,UVM PIKE | ΠΚΑ,1,1,0,no,2026-06-17,2026-06-17,A,
uwgtketaukappaepsilon,UWG TKE | Tau Kappa Epsilon,1,1,0,no,2026-08-05,2026-08-05,A,
universityoffloridachiphi,University Of Florida Chi Phi,1,1,0,no,2026-03-02,2026-03-02,A,
universityofalabamabetathetapi,University of Alabama Beta Theta Pi,1,1,0,no,2026-06-15,2026-06-15,A,
universityofsouthcarolinathetachi,University of South Carolina Theta Chi,1,1,0,no,2026-08-05,2026-08-05,A,
universityoftennesseepkph,University of Tennessee ΠΚΦ,1,1,0,no,2026-08-05,2026-08-05,A,
valparaisouniversitypka,Valparaiso University | ΠΚΑ,1,1,0,no,2026-06-17,2026-06-17,A,
villanovapikappaphi,Villanova Pi Kappa Phi,1,1,0,no,2026-06-18,2026-06-18,A,
wcusigepsphe,WCU SigEp | ΣΦΕ,1,1,0,no,2026-07-06,2026-07-06,A,
wiupikappaphi,WIU Pi Kappa Phi,1,1,0,no,2026-06-18,2026-06-18,A,
wvupikappaalpha,WVU Pi Kappa Alpha,1,1,0,no,2026-06-17,2026-06-17,A,
westernmichiganpikes,Western Michigan Pikes,1,1,0,no,2026-06-17,2026-06-17,A,
winthroppikappaalpha,Winthrop Pi Kappa Alpha,1,1,0,no,2026-06-17,2026-06-17,A,
woffordcollegesae,Wofford College ΣΑΕ,1,1,0,no,2026-07-06,2026-07-06,A,
woffordkappasigma,Wofford Kappa Sigma,1,1,0,no,2026-07-06,2026-07-06,A,
zbtpsichapteralabama,ZBT Psi Chapter - Alabama,1,1,0,no,2026-06-15,2026-06-15,A,
zetabetatau,Zeta Beta Tau,1,1,0,no,2026-06-15,2026-06-15,A,
zetabetatau,Zeta Beta Tau,1,1,0,no,2026-06-11,2026-06-11,A,
zetabetatau,Zeta Beta Tau,1,1,0,no,2026-06-15,2026-06-15,A,
zetabetatau,Zeta Beta Tau,1,1,0,no,2026-08-05,2026-08-05,A,
zetabetatausyracuse,Zeta Beta Tau Syracuse,1,1,0,no,2026-06-15,2026-06-15,A,
zetabetatauatfm,Zeta Beta Tau at F&M,1,1,0,no,2026-07-06,2026-07-06,A,
zetabetataualphazeta,Zeta Beta Tau | Alpha Zeta,1,1,0,no,2026-03-02,2026-03-02,A,
zetabetataudeltaomicron,Zeta Beta Tau | Delta Omicron,1,1,0,no,2026-06-15,2026-06-15,A,
zetapsi,Zeta Psi,1,1,0,no,2026-06-11,2026-06-11,A,
zetapsirutgers,Zeta Psi Rutgers,1,1,0,no,2026-06-15,2026-06-15,A,
gsu_alphasigs,gsu_alphasigs,1,1,0,no,2026-08-05,2026-08-05,A,
alphagammarhopennstate,Αlpha Gamma Rho Penn State,1,1,0,no,2026-06-11,2026-06-11,A,
dkecentrecollege,ΔΚΕ Centre College,1,1,0,no,2026-07-06,2026-07-06,A,
dkelafayettecollege,ΔΚΕ Lafayette College,1,1,0,no,2026-07-06,2026-07-06,A,
dkeuniversityoftennessee,ΔΚΕ • University of Tennessee,1,1,0,no,2026-08-05,2026-08-05,A,
dchdenisonuniversity,ΔΧ | Denison University,1,1,0,no,2026-07-06,2026-07-06,A,
ksxikappa,ΚΣ - Xi Kappa,1,1,0,no,2026-06-18,2026-06-18,A,
pkamcneesestate,Π Κ Α | McNeese State,1,1,0,no,2026-06-17,2026-06-17,A,
pkaatlinfielduniversity,ΠKA at Linfield University,1,1,0,no,2026-06-17,2026-06-17,A,
pkauniversityofnebraskaomaha,ΠKA | University of Nebraska Omaha,1,1,0,no,2026-06-17,2026-06-17,A,
pka,ΠΚΑ,1,1,0,no,2026-03-02,2026-03-02,A,
pkaarkansasstateuniversity,ΠΚΑ - Arkansas State University,1,1,0,no,2026-08-05,2026-08-05,A,
pkasandiegostateuniversity,ΠΚΑ San Diego State University,1,1,0,no,2026-06-17,2026-06-17,A,
pkazetabetachapter,ΠΚΑ Zeta Beta Chapter,1,1,0,no,2026-06-17,2026-06-17,A,
pkacalpolypomona,ΠΚΑ | Cal Poly Pomona,1,1,0,no,2026-06-17,2026-06-17,A,
pkastetsonuniversity,ΠΚΑ | Stetson University,1,1,0,no,2026-06-17,2026-06-17,A,
pkauniversityofcincinnati,ΠΚΑ | University of Cincinnati,1,1,0,no,2026-06-17,2026-06-17,A,
pkagschapter,ΠΚΑ ΓΣ Chapter,1,1,0,no,2026-06-17,2026-06-17,A,
pkph,ΠΚΦ,1,1,0,no,2026-06-18,2026-06-18,A,
pkphkappapsichapter,ΠΚΦ - Kappa Psi Chapter,1,1,0,no,2026-06-18,2026-06-18,A,
saeindianaalpha,ΣAE - Indiana Alpha,1,1,0,no,2026-07-06,2026-07-06,,
saewestchesteruniversity,ΣΑΕ - West Chester University,1,1,0,no,2026-07-06,2026-07-06,A,
saekennesawstate,ΣΑΕ Kennesaw State,1,1,0,no,2026-08-05,2026-08-05,A,
saeattheuniversityofsouthcarolina,ΣΑΕ at The University of South Carolina,1,1,0,no,2026-08-05,2026-08-05,A,
snuniversityofflorida,ΣΝ - University of Florida,1,1,0,no,2026-03-02,2026-03-02,A,
schdenisonuniversity,ΣΧ | Denison University,1,1,0,no,2026-07-06,2026-07-06,A,
tdalphas,ΤΔ Alphas ☠️,1,1,0,no,2026-02-27,2026-02-27,A,
betathetapiusf,𝐁𝐄𝐓𝐀 𝐓𝐇𝐄𝐓𝐀 𝐏𝐈 // 𝐔𝐒𝐅,1,1,0,no,2026-06-15,2026-06-15,A,
kappaalphaorder,𝐊𝐀𝐏𝐏𝐀 𝐀𝐋𝐏𝐇𝐀 𝐎𝐑𝐃𝐄𝐑,1,1,0,no,2026-07-06,2026-07-06,A,
pikappaalpha,𝐏𝐈 𝐊𝐀𝐏𝐏𝐀 𝐀𝐋𝐏𝐇𝐀,1,1,0,no,2026-06-17,2026-06-17,A,
thetachiatecu,𝐓𝐇𝐄𝐓𝐀 𝐂𝐇𝐈 at ECU,1,1,0,no,2026-08-05,2026-08-05,A,
phideltathetausf,𝗣𝗛𝗜 𝗗𝗘𝗟𝗧𝗔 𝗧𝗛𝗘𝗧𝗔 | 𝗨𝗦𝗙,1,1,0,no,2026-03-02,2026-03-02,A,
taukappaepsilon,🔺Tau Kappa Epsilon🔺,1,1,0,no,2026-08-05,2026-08-05,A,
